document_id,Clean text,sentiment
1,argyllea hype movi writer kingsman seri trailer frequent show moment silli spi action bryce dalla howard scream cat that supposedli awesom someth first movi cheesi appear intent movi lead audienc believ one thing realli anoth reveal surpris twist arent surprisingth ensembl cast featur great perform even though henri cavil hair absolut terribl dua lipa appear short great job made miss see sam rockwel continu trend hollywood age defi forgot mid follow like tom cruis jason stathamth movi way long need better editor like flesh stori much next person calm movienow fun movi make word ridicul woefulli inadequ fun ridicul mani laugh loud moment make lot flaw dont want spoil movi keep eye blink youll miss hilarityther theme explor film motiv whether emot experienc life choic even told format spi thriller would carri got person find theori worth explor wonder id make good bad decis expo certain stimulus experi natur v nurtur anyon peopl admit would love abl speak younger selv assur thing would better eventu avoid pitfal that good enough one never know would make differ unless take away momentsi enjoy heck movi overal recommend silli alon dont take movi serious believ entir long end sequenc crazi suspens disbelief embrac,positive
2,movi give point enjoy film find entertain one film movi extrem entertain great time cinema ye effect film terribl ye parodi ye ridicul howev also absurdli funni silli enjoy much movi believ averag bad cours numer clich film mani thing could predict way film total twist show twist occur one anoth like spi film lost serious movi first half hour movi start enjoy act isnt perfect think spoton movi never seen bryce dalla howard kind role suit also made great duo sam rockwel action scene movi like kingsman movi director matthew vaughn direct movi didnt fulli understand midcredit scene movi second movi come definit go object movi seri one reason like movi much cat alfi cat mani role movi dont know scene real scene cgi definit cgi funni entertain,positive
3,ever watch movi that absurd brainless actual work argyl belong group matthew vaughn latest gladli crowdpleas action flick full smart twist epic action sequenc there doubt get ridicul time huge logic gap absurd movi embrac silli dedic write plottwist well thought would never guess come make argyl action movi stand enough enjoyablewhen movi start roll first couldnt get invest storylin narr seem gener andd full irrefut plot hole howev rememb matthew vaughn geniu sold u kick as kingsman ridicul entertain thought action flick hope argyl go turn boy best aspect movi doubt incred provoc plottwist realli add sen unpredict film keep smile alway realli start kick halfhour mark whenev predict what happen get total opposit there clever hint skill layer around foreshadow set twist make smile happen definit arguabl anoth perspect arent justifi enough question potenti plot hole howev add unpredict distinct natur movieth ensembl cast also add fun everyon great job sam rockwel charact entertain easiest root forthi fun isnt without issu though main one lack emot layer within charact often unconvinc bland form charact dynam come protagonist partner crime apart though reason care charact particular cgi often horrif time show decenc fightscen other truli appallingultim despit movi issu argyl absurd plot dont want talk mani twist keep audienc engag pure thank vaughn write team geniu plottwist make movi one definit check stand hoard movi genr that need especi day age polit global issu distract u good time,positive
4,saw titl advanc screen took check spoiler got perfect fun yesi dont know went rail audienc get enjoy dump everyth sit back take someth lightheart fun went expect kind romanc stone lost citi style stori instead zigzag countless twist other critic onetoomani felt enough keep edg seat ye ran tad bit long cant imagin would releg cut room floorit full twist turn beauti origin fight sequenc romanc like aidan say point regard elli write dont need anoth sen sensibl someth degre your look fun trip enjoy vaugh style previous dont stick tushcant stand see power woman go see fun hater take miseri somewher el alreadi anyth get,positive
5,likeshumor enjoy lot comedi movi despit cheeki top sometimeargyl use lot tactic get laugh includ sarcasm straight deliveri unbeliev stunt cheesi moment slapstick help go flow vaughn moviebalanc surpris degre doesnt go farfetch viewer like help blend comic book qualiti real life mesh well keep movi fun area first two kingsman wellmus absolut one favorit element vaughn group help pull right track togeth use intellig accomplish lot thingssometim song funni perfect touch go theme sell thought add background nois hit scene scene sequenc bring everyth togeth time song catchi energet upbeat sound effect culmin sound engin get pump find right songit dynam quirki realli vaughn feel behind ive love spi ring crazinessth fun like kingsman movi movi funit didnt get caught polit agenda world went back ludicr stori blend mani element togeth engag piec kept attentionand yet still stori help ground lead wellround experi avoid mostli get caught element gimmick bash pasteth stori wont say best movi still hold candor elev film past knock joke violent punchesargyl stori actual give charact develop two titl charact help focu stori element le power player role much enjoyeda littl bit world build alongsid engag element realli gave charact follow up stake bit help accomplish much short time periodth action degre vaughn know make memor action sequenc movi still show creativ element come lifeth earli stuff surprisingli ground bit tradit outsid stunt scream rockwel fervornear end though bout total comic book aspect top flashi funni downright corni couldnt help love everyth come togetherif that element chanc movi wasnt fan extrem kingsman brand stick around latter hour movi get wishesth act ill focu three actor time andor build el well nightcavil fine time screen he got sex appeal pierc brosnan spi deliveri work role yet humor later portion movi bad isnt screen enough realli blend togeth max later rockwel rockwel fantast bring trade sarcasm film he sarcast drop onelin natur humor yet moment vulner show talent isbut howard surpris prop film prove give layer role she nerdi she anxiou she love much brought togeth make odd situat believ often avoid annoy level thing could gone intoth pace mostli like spyaction entri director list pace engag given balanc faster walk scene slow still smell rosesargyl best find right ratio storytel world build action help uncov mysteri writer talent truth seekingand much film admit accomplish lot made hour minut run time feel better anticip impress day age complet stori time rangedislikesth cgi need work corner cut film one cgi filmit worst thing ive seen lot moment budget cut stretch graphic stood could tad annoy use rightwheth action scene sometim background argyl tech prowess need work obtain prowess past get blur limit cgith action could better argyl keep action littl closer pul realiti forgo usual effect much first part film keep straight shooter brawler littl twisteventu get root limit stunt need littl spread hold wow factor vaughn work known havewher top car stunt wall blast pinnacl end fight didnt feel last minut stretch fit anoth twist mixand though much becom balanc cant help think still tweak done help find balanc first kingsman accomplish mea mani twistsi agre review perhap fuch got tad carri away number twist movieargyl load nine plot twist good other feel forc ad end vain attempt tri break recordthey arent bad point amount twist surpris get point annoy could cut thing help fine stori help dislik aboveperhap straight narrow could gone bit help achiev wow factor argyllebalanc actor need improv biggest limit far balanc cast charact get promot commercialrockwel howard screen time rest cast fleet moment cavil eke momentstru memor factor know lot could done inclus bend stori around involv like first part moviesamuel l jackson cena dua lipa felt like got shaft film though better movi argyl still show load cast balancedth verdictargyl lot fun review lot better prequel year ago seri primari reason vaughn pull magic blend mani thing entertain piec find way make energet fun decent act deliv line charact develop escal action plenti comedi mesh well optim feel vaughn know make come aliv engag pace entertain valu element love found worthi theater visit yet still room improv get back first kingsman action gradual get excit level feel bit stiff begin move find ground twist pace need bit spruce perfect balanc storytel flair know director bring yet cgi charact integr weakest element amount catchi music humor go offset sever key player fairli absent still give movi solid go fun theater experi encourag other get tri theater possiblemi score areactionthril movi overal,positive
6,disappoint film intrigu premis fail deliv good end case director matthew vaughn latest actionadventurecomedi author spi novel bryce dalla howard stumbl reallif espionag scenario match plot latest novel embroil web evershift intrigu variou nefari parti problem film never quit latch onto dedic focu make pictur work comic bit inde quit funni frequent get bog meander stori line that tri follow convent twistladen thriller format leav viewer ask what go there also littl deriv materi thrown stori thread weve alreadi seen movi like romanc stone long kiss goodnight number jame bond flick true releas intend spoof titl especi scene featur henri cavil hilari hammi knockoff there big differ pay tribut play unrepent copycat there pictur excess length come bloat runtim far longer need fail attribut oftenneedlessli complic plot one begin tri audienc patienc time especi back half argyl also featur cute cuddli cat alfi central charact least trailer like narr overal film doesnt quit seem know supposedli friski fickl felin impress far differ what convey pictur video market shame titl potenti appar strength go fine soundtrack superbl choreograph action sequenc excel ensembl cast like sam rockwel bryan cranston catherin ohara ariana debos serious underus richard e grant mention fine turn howard cavil alterego one anoth one isnt nearli bad mani critic made could substanti better signific retool judici edit argyl appar ambit becom new franchis well see materi base kind box offic draw ultim produc point though think work cut,positive
7,spoiler alert good made sen wish id plum harvest instead watch itthi confus irrit experiencebryc good good sam rockwel seem buddi georg clooney real life fortuit georg cri batman movi sam relat part disastercavil look awkward like knew go go paid enough make sincer effortsam l jackson lazi cameo whogivesashit spi watch laker game overact,positive
8,fun time watch movi although friend accompani didnt like found imagin plot quit engag wellknown actor perform kept glu screen even cheesi scene movi may contend oscar provid hour escap real worldth downsid movi felt bit long storylin movi market quit effect trailer seem focu dua lipa henri cavil appear film short despit great job howev import note main charact movi trailer might suggestal enjoy movi your fan adventur spi movi dont take serious one definit worth watch,positive
9,elli th success novel superspi argyl play visual henri cavil find caught upin real life spi shenanigan say would spoiler thing dont want implaus plot twist part funif enjoy kingsman enjoy isnt believ slightest doesnt stop enjoy romp enjoy busbi berkeley explod head sequenc kingsman aint seen noth yet action sequenc noth short hystericalbryc dalla howard enjoy role give plenti opportun fun although gown wear climax doesnt flatter nice callback jurass world thoughthi plain draft top fun,positive
10,insan bigbudget movi hype plea eye photographi creatur romant visual effect basic rosygray spi novel worldi would like see henri cavil sam rockwel special note bryce dalla howard bright act dual role shone along cosmonaut catth end lead u long cloudi tunnel argyl lagrang potenti budget million account pictur inflationscreenplaystorylineplot develop realism entertain act filmingphotographycinematographi vfx musicscoresound depth logic flow actionthril end,positive
11,argyl disappointingli gener offer matthew vaughn noth rais current slump he he alway master take familiar plot structur use make subvers take tri test stori trope superhero kick as spi genr first kingsman movi argyl hand bare singl origin idea entir runtim doesnt feel like anyth substanc fairli familiar stori total uninspir view experi also pretti bore one thati dont know happen matthew vaughn old use good tell concis focus stori yet anoth film felt massiv overindulg though may light word describ poorli pace movi almost everi singl scene thing overstay welcom matter mani great action scene funni moment drag moment long lose almost effect total bog standard stori doesnt anyth justifi runtim given matthew vaughan seriou lack restraint edit rob entir film pace urgencyi wouldnt realli say impress write visual depart pretti bland look movi overal impress action massiv overus cgi frequent took film mani reason rd act basic collaps horrend effect larg part feel like ever sinc first kingsman vaughn tri top icon church fight scene avail last act dial insan ridicul level good way vaughn throw seri ludicr overthetop action sequenc face backtoback fall total flat actual made cringebut like film film argyl live die script quit frankli terribl there bare singl origin idea entir film whole spystorywithinaspystori gimmick interest begin wore welcom pretti quickli whole plot revolv around standard mcguffin chase shadowi rogu spi organis hint amnesia plot weve seen time use way feel cheekili referenti frustratingli lazi littl invest cavil sequenc sinc theyr establish fiction almost start also didnt find cavil perform charact interest he written charisma vacuum that someth id ever associ cavil felt like kept forc argyl charact narr capitalis cavil star power rather charact warrant repeat inclus like bryce dalla howard sam rockwel pair good chemistri twist turn relat charact found quit ridicul honestli felt like vaughn pull twist thin air rather truli earn themi truli hope argyl would return form matthew vaughn ive wait honestli might worst film he ever made like golden circl still massiv step first king man hand total bland slog never realli justifi exist neither two film match level wast potenti argyl exhibit feel like vaughn total lost sight made film stand first place feel like bare templat stori without anyth make feel remot origin subvers know februari alreadi present one biggest cinemat disappoint,positive
12,one worst movi ive ever seen would walk hadnt paid disappoint mani peopl im fan cant rememb laugh one time entir movi didnt see twist come movi even good nowher near enough come close save movi im john cena fan even close worst part movi there post credit scene came walk didnt even bother go back watch there way im watch sequel,positive
13,realli enjoy film one moment particular cri laughter honestli brought much happi seriou film mean love action twist turn surpris let forget cast great cast everyon brought someth differ realli work matthew vaughn one favourit director natur go see movi ive also electr energi repeat sinc see film came one scene couldnt stop danc seat plea see other deffo recommend,positive
14,usual one illadvis earli predict cant imagin mani wors scene sight big screen sight miscast poorli cgid bryce dalla howard skate across oil slick improvis knife skate take room full incompet goonsnow know understand januari earli februari earmark year year dump ground film hollywood littl faith project come go often littl fuss fanfar often good reason sometim realli excusewith mind one would think head cautious matthew vaughn new million dollar spi action comedi romp would prepar one lower expect significantli enough find type enjoy starstud affair unfortun newest outing director produc fun energet hollywood vehicl wet blanket ride provid drab doa offer that earli contend worst hollywood releaseat minimum minut long even forgiv viewer hard fathom boorish lifeless caper lay wit mind man oversaw cult favourit layer cake welllik superhero flick kickass box offic smash kingsman argyl share similar theme concept film none charm smart energi element appear desper make appar never come fruitionwith central concept paper could provid fun frantic thrill film idea dalla howard cat love homebodi writer elli conway get caught real world spi espionag sam rockwel real life agent aiden wild come onto scene seriou cinemat potenti like henri cavil bryan cranston samuel l jackson john cena along ride like argyl lack talent bring vaughn vision life earli argyl get caught rut never abl climb matter amount twist bizarr end credit sequenc go abl help escap fromwhat make fail argyl succeed even minor degre throwaway entertain valu fact inept film wast talent everyon involv larg degreeit becom sad rather earli endur watch talent dalla howard rockwel lower dalla howard recipi terribl case miscast conway role morph one feel unsuit abil rockwel wellknown respect abil comed mind affair wast wild charact anyth like namesak surnam everyon el bare rais sweat underwritten underutilis charact get lost amongst socal thrill action look home midbudget video game wellfinanc appl originalarriv cinema around globe industri desper need win what go mostli rough period follow signific hollywood strike argyl exact type origin cinemat offer didnt need remind decent idea instantli good movi makefin say load talent potenti budget minimum allow memor spectacl argyl shockingli inept new releas director know better matthew vaughn turkey mark strong earli contend notabl big budget failur cat backpack jordan eddi movi guy,positive
15,matthew vaughn one favorit director three movi alltim favorit list kickass xmen first class kingsman secret servic love style consid master filmmakerhi last movi king man terribl gave star one perfect easi forgiv one misfir argyl anoth sever disappoint entri nearli bad king man might even disappoint could greatwhi doesnt argyl work movi complex difficult answer question guess first humor attempt quirki feel laugh second cool action scene noth write home aboutthird idiot decid pg mani death cant fulli show feel neuter sell ticket cater casual theater nearli empti open night casual didnt show alien true fan fourth amount popcorn flick fairli bore unengagedbut think one thing hurt movi anyth el great cast except one role import one main charact dont dislik bryce dalla howard horrend cast choic list actress would better suit role doesnt seem bad earli get stori wors get even tini bit believablei still look forward futur matthew vaughn project found next movi sequel king man hope reevalu tri get back track view open thursday ultrascreen,positive
16,film would hit releas unfortun current audienc fall short expect especi anticip show akin kingsmanposit bryce perform admir humor role rockwel deliv part well enjoy movi onetim watch especi go expect noth el best scene beginningneg john cena henri samuel jackson seem ad movi sole market purpos movi start good pace slow significantli middl degrad last minut feel like end movi,positive
17,argyl long dumb cgiriddl mess word standard modern day hollywood movi aspect fun whole thing drag youll check watch everi five minut hope soon abund cgi lot terribleespeci cat make movi look fake that norm day im even sure film scene london exterior shot look realli bad hand hand combat pretti decent part didnt care happen addit twist work overal kept becam convolut wreckfurthermor trailer poster film straight lie believ henri cavil star movi he mayb five minut five minut prove would great jame bond bet never happen make correct choic cast someon perfect role addit john cena even le time make wonder even bother cast mustv cost fair amount money amount cameo rest cast fine like sam rockwel nice see lead role hand comedi doesnt land one screen laugh joke think think pg rate hurt movi make tame make rate r wouldv help bit thing made wouldv much prettier shorter bloodier importantli fun argyl howev nonsens look aw overstay welcom,positive
18,argyl movi review argyl review spyactioncomedi movi rare could advantag mani first half argyl show genr entertain refresh second half explain terribl turn shouldnt made often mani twist actual good goe board head whatev want call that dumbest thing ive ever heard life yell aidan aka sam rockwel like ye hell want u believ that happen entir second half movi goe g c z back b that messi mani twist make much mess hereargyl spi novelist elli conway bryce dalla howard finish fifth book fiction agent argyl henri cavil next book decid visit mother ruth conway catherin ohara brew new idea train meet real agent aidan sam rockwel mission save gang elli constantli imagin argyl place aidan busi beat gang everyth save aidan inform elli novel fiction turn true hell fortun teller that bad gang get hold certain master file good gang aka aidan get that even half see second half let spoil anyth new twist everi minutesth write argyl sound absurd first half damn funni that carri idea merg fiction agent real one event somewhat interest made watchabl touch comedi problem appear second half learn truth elli aidan gang member includ parent everi singl theori start annoy get horribl climax full mindless action senseless idea memori loss brainwash even hypnot come man that way line that much argyl leav exhaust displeasur watch bad spi movi last hour imagin thatbryc dalla howard elli conway look cute deadli side show punchlin dont come cant think good femal comedi statur barbi idea standard chang sam rockwel impress scene remain steadi throughout film handsom agent henri cavil girl would make nois role let chang subject bryan cranston catherin ohara surpris store perform arent good ariana debos dua lipa john cena samuel jackson enjoy screen time small support role sofia boutella find best space amongst alfi aka chip cat entertain silenc dont surpris claw endon technic front argyl seem okay problem sound design cinematographi good vfx work swipetoag scene fantast gotta give credit screenplay writer visualis thing paper new experi despit stupid arent complain absurd humour nobodi mind make laugh argyl fail understand stop cant expect u believ everi unreli thing come one anoth half hour matthew vaughn vision line unimagin unconvinc could remov bunch twist end made simpl spi comedi prefer make messi result spi movi lover deserv whole vaughan attempt overnovel struggl find right idea let open book timer,positive
19,matthew vaughn alway director admir whether talk earlier work layer cake stardust overthetop action film kickass kingsman film never dislik work recent king man found work feel littl stale film didnt work mani level either like love rest filmographi otherwis well put argyl anoth one like lot critic fulli agre itthi go difficult one describ without sound confus give go elli conway bryce dalla howard novelist written book seri known argyl realiz event book actual happen realiti continu happen realtim write next sequel come aidan wild sam rockwel spi show protect elli take crazi adventur avoid reallif spi organ get plot goe elli see vision main charact book argyl henri cavil help keep lose focu task say film market wellaudi see henri cavil dua lipa john cena poster trailer realiti collect minut screen time film nearli two half hour long viewer bother thought would mention fact love sam rockwel bryce dalla howard thoroughli enjoy chemistri togeth easili abl forgiv complain film though fact tri clever good someth reveal audienc twist anoth twist two layer within twist anoth twist around corner kept edg seat made imposs predict come next even though kind predict end nice much onceasid ridicul amount twist film asid open action sequenc fun stori quit bit action especi last act said though long anyth matthew vaughn fan last minut simpli wild main plot twist occur film becom complet differ experi shift gear silli like vaughn silli still ride also like second kingsman film know one wont everyon simpli put film much much bunch thing enjoy watch cant overli harsh opinion argyl good time recommend awar get pretti bonker,positive
20,matthew vaughn filmmak hit miss enjoy work layer cake kickass kingsman secret servic argyl decent concept wonder cast unfortun movi gigant mess might worst moviethroughout product costum camerawork okay feel cheap action stunt moment pretti solid decent strong action moment thrill throughout perform justfin bryce dalla howard sam rockwel solid perform lack chemistri rest cast member mostli meh good perform henri cavil henri cavillvaughn direct messi narr interest concept feel predict repetit tri add plot twist concept togeth make convolut made charact uninterest dramat element bit boringwith good action stunt surprisingli realli aw cgi moment throughout god cgi cat horrend dialogu pretti rough humor soundtrack pretti bad honestli almost feel like someth ai would makei think safe say matthew vaughn kind lost touch make work realli entertain,positive
21,firstli ignor critic realli need chill sometim argyl fun pack total silli movi sit back dont preconcept enjoy entertain film sam rockwel partnership bryce dalla howard work brilliantli creat fabul funni moment film whole cast interact charact role brilliantli creat comic strip world revolv around kingsman narr ye could make case criticis much cgi script isnt hit mark want watch film escap depress state world left cinema great laugh,positive
22,wife watch argyl theater last night storylin revolv around worldrenown author spi novel face writer block seek visit mother overcom mental block discov way book nonfict impact realiti secret abil remain unawar ofdirect matthew vaughn kickass film star henri cavil man steel bryce dalla howard help sam rockwel seven psychopath bryan cranston break bad john cena peacemak samuel l jackson pulp fictionthi movi complet disast long time sinc ive seen someth bad despit outstand cast everi actor poorli util sam rockwel charact hit miss bryce dalla howard feel miscast addit cat awkward skate scene nonsens dancesmok sequenc contribut film overal failur final fight lacklust even one worthwhil scene featur samuel l jackson wine analog fall flat henri cavil john cena add noth valu film redeem scene train sequenc alreadi shown preview end hint argyllekingsman appl tv seri disappoint need itin conclus argyl disast appl tv fall far short triumphant televis seri spinoff hope would score strongli recommend skip,negative
23,oof look forward see new film matthew vaughn didnt want get spoil watch trailer promot big mistak honestli dont know start start question came least fifteen time watch movi happen action movi never bore action movi life like real explos real stunt real car chase real locat movi everyth cgi like action film netflix churn week badli integr green screen took movi everi time might say talk one two sequenc whole movi could immers stori wrap obviou fake set whole time even regular apart look like took stock photo plaster actor top im edg seat see badli render car swerv weightless around corner hell even cat cg ninetynin percent time saw regular imax judg sheer amount face shot got strong vibe one movi get postconvert make extra buck schtick crosscut henri cavil wear thin minut train sequenc kept iti must say least stori rather ambiti start premis french comedi film la chvre turn slowli weak long kiss goodnight ripoff constant misdirect sometim obviou much tri mani time go emot fail bring u eleph room actorsi dont want talk much bryce dalla howard wooden everi movi role surpris obvious corpul thought nice touch role book author begin make sen spent day home write minut involv gravitydefi action acrobat becom laughabl opportun creat conflict even comedi show rusti field guess maker werent brave enough instead get serv unbeliev action shenanigan bradley jame allan choreographi creativ sore miss vaug film unforgiv reliabl actor like sam rockwel total miss mark smarmi dri deliveri dont know he go likeabl interest isnt wors seven psychopath bryan cranston okay tri least chew sceneri even give end fault write fair dialogu especi one book club cring worthi written realli want blame ai scene meander far long everyth spell hit viewer jack hammer excit scene sam jackson watch basketbal game immedi follow upload bar rip kingman film leav want end anoth question plea get old school movi back,positive
24,go know gonna littl campi similar kingsman moment heart action absolut crazinesssom scene bit much overal fun interest movi scene overli dramat similar deadpool open scene wellth twist stori definit differ came one anoth actor point love switch argyl real life worst part cgi cat dont think samuel jackson said mfer shock,positive
25,great movi realli good lot fun possibl fun ive watch movi sincewel sinc kingsmen funnili enough anoth awesom matthew vaughnmarv pictur coupl cast movi even pop samuel l jackson play good guy sofia boutella play neutral parti play villain kingsmen alongsid promin poster least name henri cavil bryce dalla howard bryan cranston catherin ohara alway goddess screen cours sam rockwella word warn though your look seriou gritti dark action like bond bourn franchis realli moretradit spi movi your well luck howev your look someth that gonna lot fun matthew vaughn trademark visual style fight scene flamboy jove your luck that exactli oh good fun,positive
26,would absolut love soni meet absolut baffl thing like madam web get greenlitmadam web one worst superhero movi ever made terribl write charact action setpiec even act dakota johnson dull bore main lead probabl terribl scriptto fair movi interest concept final destin x termin thing howev poorli execut make morbiu look like dark knightanyway give amazon mom research spider right die cut,negative
27,look profil writer wrote madam web youll see virtual everi movi theyv written bad rate bad review hollywood continu hire writer big budget film could understand wrote movi asylum film movi terriblemadam web god aw difficult sit none main charact likeabl even villain lame seem like entir movi written set sequel would peopl spend money see sequel movi one worst movi ever written im shock bad movi sequel certainli wont bother watch itstop hire bad writer hollywood,negative
28,liter one worst superhero movi ever seenfrom advertis knew movi wasnt go great still surpris bad bore everyth direct write charact technic aspect design realli aw write poor mani concept idea aspect messi bland messi script creat poor dialogu cast charact interest special effect look even wors market perform pretti bad honestli feel bad dakota johnson caus good actress deserv better role said rest cast membersth use product placement annoy action moment dull bore superhero movi shouldnt bore realli drag unfortun caus femal superhero lead someth love see like wonder woman old guard pretti fun unfortun seem like isnt go happen anytim soonther realli isnt anyth el saybad,negative
29,saw dakota johnson star natur cant lay entireti hot mess foot realli bad campi act happen part reminisc fifti shade grey movi star perhap director interest placement pepsi can perform digressbas movi play like cut scene budget xbox game ground thing feel design fail feel almost producersesqu approach everi aspect seemingli intent mangl yet one seem care come full circl go glori infin warloganth dark knight arriv way back batman robin catwoman level superhero flick bam pow gosh ye batmanhow movi make far actual releas one stop idea get green lit soni give million turn valuabl ip peopl wrote morbiu god egypt dracula untold last witch hunter get past write process script greenlit could one set point stop thing one edit room point bad look much mess wasbut suit art stori instead busi peopl commod cheaper recycl known quantiti practic nepot involv mayb le talent friend peopl youv work go find artist worthi stori dont care art dont care stori care make work financi regardless loss reput audienc wholeyoutub chri stuckmann deep dive topic big studio gener run folk came manag rather creativ rung write direct discus film take worth watch reason chri doesnt critic movi review sinc becom filmmak tell tone like complet displeas watch one id avoid,negative
30,well guess movi soni univers im shock profitableth stori place basic madam web paramed develop power see futur current threat tri chang futur team power charact yet develop full potenti must shield chang futur protect themtri give littl stori get told away open vaguewhat like one two good scene didnt mind end realli like lot camera work cool look shot decent scorebut movi bad make morbiu look like batman act lack actor look bore feel script bad beyond silli line stori chop chang much neck hurt bad cgi bore actionand peopl harp dont like woman lead crap film enjoy marvel black widow decent movi regardless lead poorextrem disappoint,negative
31,horribl begin end open scene reek aw predict stori plot core know exactli happen even happen script suck dialogu even wors quit notic audio dub edit fact budget million budget matter amount money could save train wreck mention still make good film lower budget shazam first one budget delt lot side charact mile better godzilla minu one extrem low budget million dollar film effect product feel obvious cheap almost feel like watch long pilot episod cw tv showyou thought morbiu bad film bad bare minimum film doesnt even bare minimum goe beyond comprehens enter point origin ambit toward creat anyth isnt even singl superhero moment even horribl film like catwoman morbiu superhero moment action thing doesnt get instead vision futur potenti set sequelsthi movi also seriou problem product placement long commerci exact long pepsi commerci feel like pepsi stop halftim show could invest product placement film movi import superbowl lol top obvious place way much film calvin klein chase bank list goe movi call superhero product placement movieit bare even close cool moment see alreadi saw trailer she see futur think happen goe back moment realiz vision grant cool first coupl time get old real quick end get annoy abus way muchthat isnt redeem thing film act isnt even good would say side charact spider woman dakota find togeth potenti spark saw talent potenti fail big time horrid script spark never even spark like show match gasolin set firemadam mrbiu,positive
32,honestli say anyon surpris soni bomb superhero content underwhelm action bad charact weird dialogu gener villain plain badi feel bad cast movi excel talent wast cash grab excus moviesoni prove cant trust superhero content lost littl credibl compani integr wit left sell share ownership back marvel let assum full creativ controlim optimist kraven hunter see gross disappoint,negative
33,worst movi superhero adapt ive watch recent year complet atroci effect atroci screenplay atroci act also big insult comic book reader know origin storylet describ movi simpli first fill hatr realli want cur entir creativ team unaccept filmal perform bad everyon there singl good actor tri everyon took role money terribl disgrac total eclips reasonth screenplay worst superhero screenplay ive ever seen bare resembl origin stori arent scene like spidergirl trailer includ there oblig instead write decent screenplay action scene full logic error theyv written without think complet garbageapart direct sorri say garbag scene shot taken straight phone camera action scene shown theyr hidden due atroci effect shamefulaft gener point soni urgent need cancel univers origin stori garbag there logic connect anywher theyr shot randomli dont like cur hope film sink box officeth last scene madam web gain power web effect cling soul unbeliev approv film may god punish youi dont know one talk atroc collect film whether woman go peru back second spiderman dodg firework danc boy tabl daughter left alon tell stori spiderhuman commun woman talk normal give birth end everyth disgrac hope univers sink get fire one involv manag film deserv job respect quit immediatelynot dakota johnson made statement say didnt watch movi serv complet garbag film your go watch life shouldnt money poverti tri watch differ cur audienc famili shame younot look budget movi anger grew even million dollar eighti million believ money realli cant believ noth disrespect disrespect audienc noth insult,negative
34,first impressionth open madam web immers mystiqu ambit enhanc great music score yet movi progress becom mix bag rollercoast emotionsth positivemus score sound design standout featur madam web music score soundtrack enhanc emot depth film also succe creat moment genuin goosebump sound design realli enhanc impact care use sound pan bass revers effect creat sen tension immers one film strongest featuresth mixedvisu effect costum design visual effect madam web visual appeal costum design like casey red jacket three spider girl villain outfit stand particularli stun contribut film aesthet often shown film sinc film direct focu differ disappointedact direct although thought casey charact develop abil see world differ perspect great didnt like visual present way edit poorli done editor could use distinct color grade featur one see futur two see present momenthowev perform throughout film feel lacklust actor appear confus disengag combin direct fail maintain interest coher mani scene significantli undermin film potentialnegativescinematographi cinematographi bad sinc pictur dont show clear imag camera move fast cannot comprehend pictur kind recogn tri initi rapid event spider eye point view tasteless decis cinematographi someth like wow reason cinematographi lack heavili base medium closeup dutch tilt one hand uniqu choic hand hard watch found degre round camera rotat super cool expect vari distanc shot medium shot train scene cinematographi best filmedit pace edit arguabl weakest element madam web rapid cut disjoint flow detract significantli storytel lack coher make challeng audienc fulli engag narrativeplot overal execut storylin madam web clutter clichd suffer lack origin clear direct film ambit evid execut fall short creat compel narrativeth conclusionmadam web present paradox experi except music sound design stand sharpli contrast variou flaw edit cinematographi directionalthough visual emot stun moment frequent overshadow lack coher clarityalso think film would reason great incorpor tv seri would allow indepth explor charact plotnevertheless madam web bit mix bag moment potenti ultim leav viewer someth differ visuallyr,positive
35,cannon disguisei firmli believ madam web go histori worst superhero movi also one worst movi ever made bad absolut fascin beholdnow ill honest went see heard unmitig disast seen believ truli disappoint massiv depend viewpointit take special kind director get cringeinduc perform fairli talent cast dakota johnson tahar rahim qualiti actor right script direct sj clarkson somehow manag wrangl absolut worst imagin everi singl person film ill surpris ever anoth featur thisnoth film work plot moron script seem like written teenag cinematographi horrend aforment embarrass perform audio edit baffl much dub brainmelt music choic im amaz didnt get shelv minut final cut doneto rate bad good wasnt bore watch peopl assum say plain bad entertainingli soif love watch hr car crash highli recommend aw mindboggl complex best possibl way film scholar historian analys movi year come hope talk vein room futurean absolut epic misfir level,negative
36,base madam web woeful review expect film utter car crash credit say isnt entir without merit incred bore blandmostli noth particularli happen superhero movi littl superhero action pain long set underwhelm final act charact underdevelop emot connect invest everyth stori write feel lazi vacuou cornythen there villain utterli uninspir constantli complain everyth built destroy built might ask film interest explor question he easili one two dimension weak superhero villain ive ever seen commit screenperhap heinou crime movi commit wast talent dakota johnson sydney sweeney adam scott emma robert zosia mamet good cast assembl given absolut noth work dont blame perform shame see great talent put sword like thisa wasnt enough movi also feel remark low budget feel excruciatingli long despit rel short runtimeultim think film suffer clearli intend set wider spiderwoman franchis unlik come fruition seem interest make good stand alon movi respect audienc massiv wast time,negative
37,astonish think soni could put wors product morbiu boy madam web manag embarrass mess talent star wast probabl one worst comic book movi ever nobodi ask fill atroci dialogu awkward edit laughabl structur clunki poorlywritten messi sloppi movi pack mediocr edit performancesth concept interest paper couldnt save due terribl execut madam web simpli lack spark need nearli everi deptther simpli noth memor movi except mayb superhero costum doesnt redeem fact movi badso yeahmadam web yet anoth disappoint entri soni spiderless univers like love letter era superhero film peopl larg want forget pepsi add standout fall short could decent movi hand someon el twenti year ago,negative
38,madam web new spinoff set marvel spiderman world spinoff direct partli written produc j clarkson film direct tv seri episod superhero show jessica jone defenderscassandra webb dakota johnson work paramed new york learn accid superpow see futur possibl see live three girl threaten mysteri mask man spiderlik powersthi tri protect three girl must convinc live realli danger truli protect must ensur three listen learn work togetherth stori film interest concept final stori screenplay written five differ writer writer alway seem page stori sometim seem bit rush fray sometim seem didnt realli know exactli film studio despis screenplay also rewritten mani time cast member could longer alway follow exactli go suppos filmdespit messi rush aspect film remain familiar predict side superhero film make film seem bit longwind embarrass film reminisc superhero film came around year somewhat lesser qualityth visual effect dont alway look believ either blue screen cgi seen film cast member also first time actual work film visual effect fact littl experi film situat sometim reflect actingth poor script also give cast member opportun make someth special role dakota johnson also seem bit uncomfort promot film ignor properli promot film final film tri make best role tri add comedi role doesnt alway get chanc sydney sweeney isabela merc celest oconnor play three girl cassandra tri protect three given littl time give charact person unfortun enough make viewer realli care three better focus film might better use charact stori cassandra protect tahar rahim play villain film tri kill three girl also deal poor weak script result emerg strongli villain stori also didnt incorpor audio work well film lip sometim dont alway match charact sayingwith superhero spinoff film soni film studio make marvel current film seri messi soni disney marvel tri collabor film seri consult better plan want go film seri,positive
39,noth good film badli written full clich full dialogu meant sound like clich superhero idiom yet butcher make sen noth costum parad player dead behind eye tell everybodi involv know go stinker theyd alreadi sign late would great flop made disney rethink output know actual ssu movi mcu movi head path fear take solut realli simpl need adjust hire polici includ person talent,positive
40,understand plan want trippi film focus strong futur soni vers problem deliveri camera work movi made quit irrit follow constant quick close shot action dialogu aw quit lot blatant voic villain scenesso much wast time given bore scene movi led believ screen writer finish script realis word counthonestli act qualiti quit poor across board especi villain honestli seem didnt cast role pick someon side roadfor someon who guilti pleasur watch bad movi pain time dont recommend,negative
41,dont wast time money see theater fool trailer look promis action whole film total scene shown trailer rest movi terribl act tri save even wors scripim honestli sure made big screen im cinema expert shouldnt someon view finish product give k point audienc readi feel like step process skip dont know marvel film certainli isnt ironmanmarvel keep hope somehow reviveand may concern parent dont love neither solid backstori strong charact trait hope eat lot money movi,positive
42,likesth commentari time line movi startl funni fantast bout teenag emot le thrill babysittermadam web origin stori almost like antihero tale charl xavier idea though fulli flesh emot fun felt natur angst vulner itwith right time build section commentari strike posit review bookrepresent paramed rare thing get actual see e t work give serv publicwhil bit forc perhap tad overdon cheesi kudo madam web accomplish detail shot serv public give littl charact develop itther great avenu taken help ingrain part stori medic nerd insid found cool littl nod sequencessom artist visual cool im sucker good shot good artist visual pop ingrain mindmadam web moment creepi yet seren world web world one hold majesti mysteri also emot person tri wield itoth shot costum crusad strike right pose perhap nostalg earli look realli help establish theme movi good set visual cascad intoit may sprinkl superhero visual accomplish job madam webtal cast celest oconnor fun movi tad quirki keep attitud go lot sas fun usual wellplac help move stori toward forc comedi obviou stori tellingmerc eventu grew got meat charact start push past stubborn cheeki attitud she got charm charisma fun braini side exploit sad use illicit emot someth want got littlesweeney fun movi tone role ive seen woman know adapt style give someth hook sever time love awkward bring tie two extrem surpris small play big rolesand johnson alway snarki condescend natur wield expertli tad dri time line feel unfulfil fortun she got good chemistri girl assist smooth faultssom surpris charact arc movi may miss lot thing moment work well show potenti madam web given right focusan open hold merit one victori someth would eventu bleed plot point gave touch momentand anoth element other origin stori grant u potenti hurt relat tale latch onto acknowledg help give young face charli angel group vim vigorth music call sucker nostalgia madam web mix song perfect viewer like enjoycomed use song creativ add minor element help give girl littl dynam believabilitywhil time blast speaker danc seat forgotten wonder return anoth run get thing starteddislikesth pace uneven despit trinket merit stori madam web dislik start pace talea moder slow start littl keep engag sprint faster moment tri chang thing hit brake againlik cw season cram one madam web pace feel lot like dress teenag drama tri give realism gradual step realli mashup uglier time use drama get stuck toth stale mechan trailer know type vision gimmick cassi suppos use protect chargesthat gimmick get stale quickli viewer like convolut present start fun first turn annoy dj vu felt like reshoot actual artist twistinglik moon knight element make sen first realli could stop halfway movi viewer connect powershad bit excit fight even better storytel distract would le impact ala limit ad uplack charact develop lot charact movi play bigger name lead yet time charact develop felt shoehorn plan outadam scott emma robert seem disengag stori clich simplist wast talent show potenti slower pace startbut even villain main girl tale feel bland lack charact develop much felt almost seem reli heavili anoth movi charact justiceannoy dialogu know said commentari good small amount compar wholemadam web dialogu seem gone write grinder sever time load one liner sassi comment attitud seem place much film mestat obviou corni dialogu essenti push simplist write face overdramat flair count qualiti dialogu need tune need le forc tri add littl hollywood magic help tender someth match comic book moviea villain need lot dont get wrong element relat believ inde threaten term mad actionsbut outsid open scene ezekiel bland bad guy didnt get time shine outsid crawl repeat line overth direct fail give recogniz skill threat empti time sort creepi ob dare say actual charact zoom practic absent open lineto that limit villain one major flaw much movi suffer fromvisu get realli muddybad soni make great look video game yet movi still suffer last gen effect artist flair moment enjoy faux effect drop realism movi go foreven wors lot movement charact render power leav lot desir look best wont say dealbreak doesnt help limit technolog presentationscenesstori seem chop gimmick pace scene alreadi feel limit messi almost like abbrevi version could besur dialogu give everyth go present felt much like lot reshoot scene slight chang made littl differencesuch indecis direct edit got away left wonder film could half gimmick vision pull backth action bore deni madam web mayb even wors mani cw attempt actionwhil witti amus game cat mous spidervers without solid one two fight vers im fond play nearli two hoursa lame villain littl strut crawl cast somehow run away elud come bit pathet entertainingeven climax mess rush finish suspens disbelief overdramat battl word extravag mushi end cap offetern least move rock seat challeng stay awak inth verdict madam web certainli worst movi ive seen year doesnt mean soni latest masterpiec either element vision show potenti good futur need lot work make rush instal talent cast music fun write start build block cant offset feel like lot product limit rewrit edit greatli show movi bore battl annoy gimmick develop charact despit strong cast limit movi work seri come one see theater realli shot home would say sure score movi areactionadventurescifi movi overal,positive
43,im asham admit ive seen movi timei howev asham admit curio got better end almost entir empti cinema screen thank one toler movi buddi join trip local cinema partak describ one univers pan hollywood blockbust modern eranot interest watch anoth soni marvel outing last effort hear insan awesom aw madam web friend internet ident esteem critic made want wit potenti alltim cringefest peopl absolut right hyperbol around bad madam web im still tri comprehend could possibl testifi bad thing heredirect long time tv episod director j clarkson featur cast perform proven time capabl bring good madam web devoid talent may abl salvag type good offenc entir cinemat medium finish honestli unsur anyon could claim accept final version watch flaw exampl adr your ever go see product one thing couldv save nightmar fate creat itselfan experi could possibl come collect group gave fight save long shoot wrap madam web inexcus come penmanship guilti unleash morbiu u screenwrit matt sazama burk sharpless least manag find cult like good jare leto matt smith wildli ott charact bizarr action segment madam web noth two hour terribl plot charact spectacl intent quit liter valid reason movi exist form givenon atroci act hollywood film ever captur lead dakota johnson unabl hold back disdain film clearli hate part poor old tahar rahim take film unfortun mantl wig sydney sweeney madam web may promot type intens action thriller follow exploit johnson cassandra webb battl rahim ezekiel sim alongsid sweeney julia isabela merc anya celest oconnor matti get someth el entir hard come term withfrom detest frequent exampl product placement becom instantli icon viewer may find attempt crack open pepsi calvin klein view villain liter know noth zero attempt bother explain plan background embarrass use comic stapl charact arent even put action outsid dream sequenc script must sure conjur chatgpt madam web cesspool hollywood excrement isnt even funni horribl mere sad depressingth justifi reason madam web film stand soni deliber attempt sabotag marvel properti longer allow includ mani fan favourit arent fact zero excus madam web ever allow birth existencean irredeem amateurish embarrass exercis pointless madam web shockingli bad exampl blockbust filmmak exact type bottom feeder product cinema industri marvel brand didnt need particular point timefin say your glutton punish want remind everyth wouldnt wish see suppos piec big screen entertain madam web truli icon new addit stapl alltim misfir noth could prepar one garbag million dollar disasterpiec firework head jordan eddi movi guy,positive
44,dont know startactu worst movi histori human im kiddingim sure movi dakota johnson watch movi ill probabl never support absolut career killer m johnson plea fire agent immediatelyto product crew editor director especi writer count writersthat ridicul shame contribut mess obviou youv trade moral paycheck that hollywood yadid mention movi horrend bad everyth movi badther zero redeem qualitiesth stori stupid worst ive ever seen serious madam web ask girl wait hour wood stupid guy partner keep girl madam web fli peru check someth stupid madam web get power spider bite mother stupid could serious go im kiddingeveryth movi stupid cant count mani time shook head said badth act wooden m dakota johnson act chop worst worst realli pray she done work much better girlsthey tri joke fell flat said dumbest line ever movi serious angri dumb wereth villain gener uninterest uncool villain ever seen film one memor quot come think even make evil guy speech nopeth end oh horrend she smile glass paralyz wheel chair man whi wrote messth girl werent even costum minut entir film even though trailer came expect crime fighter kick butt film wtfsydney sweeney your good look plea ever put junk like,negative
45,nearli bad expect everyth ive heard great terribl see widespread disdain movi overal qualiti mid kid say today may even insult hardcor comic fan basic piec entertain moviei think like ground mytholog stori includ main charact learn see futur still abl insert heart center except mayb open scene write act fairli decent even thought pace direct stori made sensey dozen headscratch moment certain charact made certain choic particularli villain enough tank experi think director first major motion pictur look j clarkson mostli direct tv show im good soni pictur give peopl chanc sometim wonder origin stori movi belov comic book charact seem riskythi first dakota johnson movi ive heard name bunch hadnt seen anyth prior role cassandra webb great whole way look movi know daughter melani griffith johnson fact rememb two got togeth dakota current year old mean im oldth rest cast fine honestli dont think movi bad rate mayb perfectli averag there noth wrong thatand bonu dakota johnson look great jean,positive
46,marvel studio take respons involv spiderman soni decid tri build univers involv smaller charact lore venom morbiu get kraven hunter later year madam web saw film last night review madam web premis film see woman bestow power save girl kill villain foemain charact must honest never huge fan dakota johnson play cassandra web honest isnt particularli good overact everyth charact super unlik hard care clearli hamper aw write film cant rise give u lead role support care cassi web go one worst lead comic book film eversupport charact sydney sweeney isabela merc celest oconnor play three girl view villain pretti aw charact realli awkward particularli likeabl film tri forc like care charact come across poorli actress arent good enough make caretahar rahim play ezekiel sim one frustrat part film seen good actor charact potenti film realli flop make top villain stupid realli take filmadam scott ben parker probabl best person isnt realli given much still upset play ben parker realli clear done provid stupid fan servic actual annoy even morestori stori nonsens complet stupid plot make sen charact thing make sen cassi web particular one dumbest charact seen recent movi film also tri best ruin charact spiderman even though isnt film backdrop pretti dull horrend adventurescript realli aw written film thing make sen charact unlik humour mani plot hole crazi film noth interest allstyl mean guess action scene okay bad guy suit okay film film realli poorli edit look unfinish time actual quit jar watch way mani jump scare especi film horror film trailer show thing bare happen film feel like sold differ film never got madeoveral overal madam web truli disastr film one worst film ever seen worst comic book film time though glad saw film experi cost avoid garbag someth better hoursrat,positive
47,liter zero expect went watch flick still thought someth good watch least one time marvel name movi low look like low budget cgi thriller comedi name superhero genrei mean start movi lost pace stori god know show interest screenplay plot even engag watch least minsi went dakota sydney screen presenc look good director loss opportun charact theyr play bad even proper dialogu given made common charact stori arc situat act ive never seen bad cinematographi film look like dont interest make film made spoof show make movi dont know say film badoveral bore fest spoof fo superhero genr,positive
48,ok peopl come didnt like femal lead chestnut went one open mind expect describ review right film badth film see cassandra webb new york metropoli paramed begin demonstr sign clairvoy forc challeng revel past need safeguard young girl deadli adversari want destroyedi found film pretti bad disjoint clunki poorli pace feel awkward stiff charact personalityless look sound theyr recit line cue card almost robot might add script read like supermarket shop receiptth film stori place confus hard follow premonit sequenc main lead experi annoy creativ repetit point couldnt tell hallucin actual see seeingth film runtim overli long bad film gener hour roll eye film felt longer said long hour minut minut without credit pace jeez dont get startedth actor alright given script wise didnt work made come across flat there action bad effect that pretti much redeem featur flick sadli hasnt lot go pretti lack luster basicdont get wrong prefer film straight forward storylin plot follow one bit basic couldv use meati beef well emphasi keep audienc engag stori charact action etci gener didnt like film end pretti cringi like scene film well cringi action sequenc among good action gotoveral bad film got noth old chestnut man doesnt like film femal lead film bad plenti thing wrong peopl gener men woman boy girl didnt like flickth stori bland bore paper thin like charact lead littl bit good action effect seen overshadow aforement issu well issu like poor runtim pace lack engag film hasalso cant seem get head there plenti femal lead film past done well alien franchis hunger game along elektra tomb raider salt luci hanna etc could go that rant need call,negative
49,babysit movi superhero set lead see futur prevent notspiderman kill teenag dreamsvis girl run hide around lot b happen movi endsth foundat script heavili written around hollow core parent child cinematographi actual good least teach cpr also away show premonit everi time someth chang near end respect viewer intellig least aspect easi follow dont fall asleep simplist isasid bare anyth el movi isnt terribl beyond bland bore also call superhero movi realli disingenu market ploy get peopl see stay home good action sequenc nobodi written memor venom make money mistak soni half franchis cant get anyon talent enough someth continu releas seem like highbudget fan fiction,positive
50,could tell begin make movi bad idea saw cast could tell movi doom noth actor must say cast dakota biggest mistak role anyon read comic could say movi like termin meet final destin good stori big mess lot wast potenti must say worst choic villain good movi bad movi like watch bad bad like bad tortur sit whole movi wonder even watch movi,negative
51,verona parker easili one worst charact ever written screen take away everyth movi aspir actress also piss poor job alway cring unrealist unreason choic make youd delet charact entir movi wouldv whole lot better long runsubject wise nice concept reveng thriller scam call center whole govt mumbo jumbo make feel whole run mill action b hollywood mid tier movi stori awhol lot ground wouldv done whole lot better imo,negative
52,audienc realiz come jason statham lead action film beekeep latest film continu longrun legaci action flick quit bit fun far award nomine film zero expect cheesi pretti good take dive thing also pretti bad well cheesi film turn peopl abl ignor here recommend beekeep want watch new actionpack film enjoy think much aboutth beekeep organ hitman take crimin jason statham play adam clay retire organ manhunt everyon involv scam woman care led suicid simpl multipl bos compani like watch sophist video game play action sequenc wellchoreograph quit action scene overal film blast watch said dialogu begin end pretti atrociousif script rework think couldv surprisingli great film whole sadli dialogu full bee pun fall flat almost everi time even solid actor deliv charact arc dialogu josh hutcherson derek danforth main villain film laughabl realli good way whini selfentitl perform great like give charact dialogu suck line everyon say took experi mani time still lot great action that want movi like anyway im sure dialogu peopl hate movi im equal sure certain peopl find hilari im kind middleth beekeep david ayer latest directori effort alway great job action touch director alway welcom neon look film cool well cool film watch aesthet plea may rip apart script dialogu stori play nice nice resolut look fun action film film deliv despit downfal say check,positive
53,seem use headlin lot guess better bad movi bad fight scenesstart good statham awesom usual love fight scene ridicul fast yet complet clear hard hit feel blow enhanc beastli imax speaker rrate doesnt hold back although far gratuitousth bad sigh nonact scene make major movi rang averag terribl qualiti level feel like stream movi theatric one spent much runtim uninterest unengagedeveryth feel dialogu weird act question bunch dumb thing strain believ like entir bad guy organ laughoutloud idiot charact decis climax true kid momenteven cut credit felt odd like director cut middl shot said screw let go home view earli screen ultrascreen,negative
54,think reach bottom filmmak alway someth like flick prove lot wors bland fbi agent profession dress sound dumb lost mom suicid act play much roll incid villain sound stupid especi dip shot call center stori idea great jason awesom rest actor fail bring home movi terribl reveng stori idea beekeep elit welltrain best equip one man armi overus unbeliev part hunt mercenari law enforc beekeep act terribl storylin wors,negative
55,fast x meg swore wouldnt wast time jason statham movi trailer beekeep look good thought would give one last chanc hope wouldnt get stung againthank action flick director david ayer sweet honey unpretenti overthetop glorious violent nonsens isnt taken serious film mani peopl star kill maim hr minut runtim answer lotstatham play adam clay beekeep way one look bee hive farm own kindli elois parker phylicia rashad he also retir special oper known beekeep part govern programm secret even fbi doesnt know elois lose save scammer commit suicid adam isnt happi man goe respons trail lead way presid unit state jemma redgravebuild blown limb broken bodi part sever peopl shot adam bare get scratch look realism look elsewher there even scene femal beekeep use minigun mount back truck minigun alway equal funat end day adam make bad guy pay crime promptli escap presum set bee hive villain shot earlier one prepar inevit sequel,negative
56,excit see new action movi jason statham one favorit action actor although figt scene still okay ish werent exhilir someth worseth bad jason statham although lead role doesnt get much screen time lot time get see bunch bland fbi agent arent impress way subpar act performancesnor fbi agent come across credibl way constantli miss jason statham time opportun kill point blank quit sillymor bad support actor realli bad though well get lot screentim annoyingnot good actor jeremi iron nail play role cun sophist bad guy terrif heck distinguish superb actor jeremi iron cheap look action movi redeem featur movi though besid action scene jason stathamjason statham fan bewar one quit dud tediou lame unev,negative
57,sure went see one ive seen jason statham movi theyr anyth like one wont rush revisit themth movi look dumb statham beekeep metaphor genuin infact worst part film isnt repetit bore action get statham practic untouch cringey push make exmilitari beekeep tough guy thing youll definit get laugh ridicul half time couldnt realli tell intent laugh noti guess enough decent action like farm scene middl offic attack there decent brutal fight scene near end even promis part movi set great villian well deserv as kick later doesnt pay overal pretti poor,negative
58,written kurt wimmer known expend seem right nearli action ok yet stori trash your fan jason one anoth averag film stunt fightingoth movi lack serious law enforc role comic everyon come look like keyston cop could much better decent director lot tweak scriptsadli enough go plea anyth jason fan star action zero everyth el even end zero park brain watch think requir,positive
59,david ayer beekeep jason statham go full john wick full equal movi odd minut relentless unhing pure escapist fun statham best take bad guy like noth look uber cool spade brutal ridicul entertain way ye need throw believ asid fan action thriller one man love like movi realli blast half great way start movi season love pure escapist entertain,positive
60,realli enjoy reveng action film full fast pace action corni beerel dialogu although charact backstori done mani time plot modern idea modern villain easi hate strong moral messag quit refresh good act good cast charact whilst henchman bit silli larger life presenc add surpris otherwis pretti standard fare good pace music fight scene keep entertain throughout although start pretti slow end rather abrupt,positive
61,beekeep attempt copi john wick formula point plagiarismth setup virtual statham play usual retir extrem danger exassassin member secret group call beekeep get pull retir seemingli minor incid conflict escalatesa woman sell honey play mom cosbi show commit suicid save stolen scammer companyh take reveng oh compani belong presid nogood son similar russian mob boss son john wick originalh fight way top mani neonlit setpiec reach final bos endhowev unlik john wick none fascin world build none flair none great music edit much act aw whole thing come apart seam tonal film never hit mark scene variat overact ridicul bore slow pace tv seri like everi time narr switch femal fbi agent air suck movi energi come grind haltth use music aw altern batman knock cello contrabass string dont fit hous electron scene doesnt fit either work john wick woven stori john wick either night club music play assassin radio station come nowherether good kill car drawbridg earli excel final bos fight decent top enough memorableoveral poorli made film forget moment finish bare watchabl deduct point plagiar,positive
62,glad got see earli screen imax couldnt review yet anyway enrich thrill ride satisfi action fan badass one man armi type kinda like john wick differ style ive fan jason statham coupl decad one best write magnific kurt whimmer perfect depth action extravaganzafor autist person that scam numer time beekeep hit spot absolut love way everyth play well direct crystal smooth write amaz stori top notch action highli recommend ill definit want k,positive
63,mean dont know say feel like movi script randomli written without thought event poorli explain couldnt believ watch idea shot im address everyon watch gave good rate watch life simplei want mention jason statham good thing movi jason actor he excel athlet continu year elev action scene everi action movi fight scene film extra stand take hit flatli entir fault plan scenesther recogniz plot charact walk straight presid madeup countri hous kill peopl watch hour minut fbi portray villag organ detect hang like dad farm unbeliev wrote movi without sit think detail astonishingth beekeep program constantli mention film peopl train hardship endur none expect u believ name there noth topsecret deadli agent govern trainedmoney theft presidenti race portray like child play peopl easili reach blow build enter presid mansion need incred good script film none thatth act also bad except jason statham there good perform except charact motiv bad kill peopl woman treat well beekeep shot seen minut segment intimacyi dont know el say goe complet bullst im think david ayer earli work nowaday film make drag everyth screenwrit kurt wimmer also mess wrote thoughtlessli im eagerli anticip film complet failur box offic definit wast time,positive
64,jason statham movi he last year time without script stack number fight action scene top call moviestatham done rather good movi like exampl homefront movi script good act made teenag boy adult girl boy dont know result noth new noth thrill noth funso got well that realli good question problem there hard find good answer,positive
65,forgot write script bring head along movienoth seem work act storylin everyth rush actor incred bad especi parker must cring b act ever seen unwatch stay cinema littl brother wouldnt rude interfer peopl cinemathi movi get way cheesi cring david ayer redo better luck next time sincer condol peopl watchingjust anoth movi money sad,negative
66,looki love good action flick much anyon jason statham usual awesom sadli director david ayer deliv probabl one worst movi ayer made one great movi year ago train day also deliv good flick furi everyth el make horribl admit get kick dumb goofi movi laugh lot statham charact like cardboard box bore ye fight scene cool he play awesom charact also bit kick movi give u nothingphylicia rashad look fabul get minut screen time jeremi iron josh hutcherson great job talent wast movieth plot start realli promisingwho wouldnt love see reveng action movi evil call center get justic sadli premis wastedoh love hear word beekeep refer bee youll love thisth dialogu movi corni almost like satir action movi pointsin david ayer world noth work like actual real world goofi way portray everyth someth lot movi dumb fiction version everyth presid agenc classifi program work understand make movi sometim make everyth realli stupid entertain movi take cake instanc call center scam real thing mani youtub video show oper movi call center offic top clown spectacl youll ever see actual scam ludicr fiction version actual workth two main fbi agent portray goofi af dialogu nearli unbearablestatham charact beekeep doesnt want steal old peopl qualm murder feder law enforc offic cours movi without bat eyeso year old movi coolest thing youv seen anywher dumb mayb stream might fun watch make fun raini day,positive
67,may one worst movi ive ever seen theater shouldv known better know go see jason statham movi talent simpli known name actionfight skill review good appar review paid plot ridicul act skill bad high school drama club time felt like watch ann episod nova learn sort thing bee statham one facial express movi look like boredom never see movi sin theater ill wait bore home come stream instead,negative
68,beekeep isnt tight condens film borrow thank unexpectedli den mytholog realli deliv count essenti jason statham beat peopl minut never get old thank doesnt realli sequel bait howev would definit welcomejason statham never bad even he dud like recent film even nice see talent physic employ someth actual good jeremi iron abil deliv exposit beekeep engag manner josh hutcherson actual awak onesimilarli statham david ayer miss equal reward see back know best whilst show team realli good hand hand combat score david sardi jare michael fri huge part work treat dumbest twist utmost serious,positive
69,first film year may rank one worst jason statham kick butt take name way around goofi reveng tale statham former govern oper retir pli trade run apiari retir woman properti phylicia rashad commit suicid rip internet shark prompt statham spew bad bee pun kill way top bottom peopl scum concern run right height white hous presid gemma redgrav howard end son play josh hutcherson rake million dupe custom stand far statham concern david ayer mismatch director materi shane black busi direct particularli goofi premis scenarist david wimmer help whit whumorless statham physic lift wo issu unintent guffaw gener villain look like extra termin technoir danc club scene make memor outing wrong reason also star oscar winner jeremi iron redgrav handler oscar nomine minni driver wast frankli govern contact emmi raverlampman umbrella academi play rashad daughter,negative
70,fell victim scam satisfi see scammer get due beekeep movi jason statham actionpack destruct build culprit gloriou despit absurd plot theme justic prevail constant investig statham crime annoy movi direct rais mani question initi minut captiv eventu disappoint left perplex nonetheless still enjoy movi even absurditiesbeekeep seem like john wick movi acknowledg similar pure entertain noth beyond,negative
71,see open credit minni driver jeremi iron phylicia rashad possibl exist could worth watch m driver scene didnt paid much surrend digniti keep straight face jeremi iron work much harderth target audienc presum teenag boy dont expect need script presum actor name offer ridicul money part enterpris comprob film hallmark christma movi everyth pretti much similar cooki cutter use previou exampl presum x number requir explos stunt crew calcul z number scene gap word let call scriptth industri need kind expendebl wholi forgett flic fill ini went see free ticket actual paid money see id like angri choic disappointedther lot better old film etc wast time autist nephew love go cinema im part entertain team,positive
72,ill sic bee anyon say differentman peopl ever easi plea seven eight nine ten bet your peopl trash actual good movi compar movi equal sic denzel allwow wonder much gave jeremi iron moviei feel sorri need money badlyseri great actorgreatand goe wellwho anyway tell other live live right statham alreadi know anyth big moneyi mean compliment sli expend stink movi knock peopl came close movi theater play inon wors next hey jasonwanna play tim scott trump upcom biopic ill save role youitll fabul biopicth best great im gonna get studio pay itand rest beekeep lover nice go encourag bar set lowunbeliev,positive
73,adam clay surfac calm charact man keep bree underneath he part network power danger killer known beekeep one day friend taken scammer vow take revengeonc find thoroughli entertain satisfi one jason statham high octan action filmsit way top dialogu beyond abysm corni core essenc rather emot hasnt annoy recent hear elderli person scam life savingssom talk bee honestli cring worthi that charm film tri take seriouslylot great action scene well stage statham coolon debit side agent parker isnt particularli good charact american accent littl dodgi jemma redgrav particular littl dodgyi realli enjoy,positive
74,beekeep one dumb stupid action movi ridicul dumb yet still strong part director david ayer isnt filmmak realli like enjoy work like train day end watch previou movi tax collector absolut atroci beekeep slightli better last moviemani action thrill stunt moment scene ridicul part wellexecut shot pretti well although mix poor edit bad use cgi perform okay jason statham still play still fun aspect movi narr pretti ridicul kind dumb think dumber becom style definit take bit much influenc john wick seri dialogu quit laughabl hey enjoy moment clearli doesnt take serious action thrill statham pretti fun,positive
75,much like movieit got minni driver she drive path heart yike thirti year nowjosh hutcherson villain darn good oneh likabl funni stupid despic love seeh take full advantag role audienc full reap benefitsthi movi cinemat testosteron capit squeez right gloriou buttkick capit bthey pair togeth rather nice often doth kill plenti plenti creativedirector david ayer alway bestand jeremi iron step class jointthi welcom origin theatric releas januaryit comic book movi star war movieit reboot sequel prequelit jason statham jason statham thingsand blast watch big screeni also highli recommend anoth beekeep film ule gold star peter fonda quit buzz worthi,positive
